0x000000000000000000000000ffed49c4a4e83207bb510c8c7469fc20a7ef0978|7.864007
0x000000000000000000000000ffed49c4a4e83207bb510c8c7469fc20a7ef0978|3362.108087
0x000000000000000000000000ffed49c4a4e83207bb510c8c7469fc20a7ef0978|4221.289147
0x000000000000000000000000ffed49c4a4e83207bb510c8c7469fc20a7ef0978|3377.95688
0x000000000000000000000000ffed49c4a4e83207bb510c8c7469fc20a7ef0978|6298.32204
0x0000000000000000000000003a11f9a15fb05a4ff79bd22e0b65902bd6dd73e1|4000.537377
0x000000000000000000000000e1f5f8cea12bdf6dcc029e42da58d78217eba72d|16628.754142
0x000000000000000000000000ffed49c4a4e83207bb510c8c7469fc20a7ef0978|3381.354146
0x000000000000000000000000ffed49c4a4e83207bb510c8c7469fc20a7ef0978|3694.823605
0x0000000000000000000000009daa4f44a0c1384f48512511b618db18a409c085|4789.226066
0x000000000000000000000000401536b1b443792bf66572ff4453ca8af05a3464|3509.721294
0x00000000000000000000000050438a9d9a3f39873d3649f31590d2dc08909191|5311.108989
0x0000000000000000000000008d3dc57e467dbcfe43f387dc9ffd9f4bcc742e37|4129.100764
0x000000000000000000000000e15253c092475a8e7e60acb21390f7127fd7bdca|4275.849028
0x000000000000000000000000ffed49c4a4e83207bb510c8c7469fc20a7ef0978|4154.129755
0x000000000000000000000000ffed49c4a4e83207bb510c8c7469fc20a7ef0978|4287.84025
0x000000000000000000000000ffed49c4a4e83207bb510c8c7469fc20a7ef0978|8324.7916
0x000000000000000000000000ffed49c4a4e83207bb510c8c7469fc20a7ef0978|3144.089226
0x000000000000000000000000e1f5f8cea12bdf6dcc029e42da58d78217eba72d|676.864512
0x0000000000000000000000000843d150231efc09104fce905feae5ee83ffecd2|0.001621
0x000000000000000000000000ffed49c4a4e83207bb510c8c7469fc20a7ef0978|4774.363304
0x000000000000000000000000ffed49c4a4e83207bb510c8c7469fc20a7ef0978|8328.732935
0x000000000000000000000000a0457f0fb9fc40bf446f4f748a8d45f3ea45c832|730.003453
0x000000000000000000000000ffed49c4a4e83207bb510c8c7469fc20a7ef0978|8350.414201
0x000000000000000000000000ffed49c4a4e83207bb510c8c7469fc20a7ef0978|7611.633791
0x000000000000000000000000ffed49c4a4e83207bb510c8c7469fc20a7ef0978|14061.095178
0x000000000000000000000000ffed49c4a4e83207bb510c8c7469fc20a7ef0978|67.265683
0x000000000000000000000000ffed49c4a4e83207bb510c8c7469fc20a7ef0978|860.3544
0x000000000000000000000000556816c2b273cb835705a7b445654454aa4b16b1|12.066083
0x000000000000000000000000ffed49c4a4e83207bb510c8c7469fc20a7ef0978|6894.851031
0x000000000000000000000000ffed49c4a4e83207bb510c8c7469fc20a7ef0978|0.20631
0x000000000000000000000000ffed49c4a4e83207bb510c8c7469fc20a7ef0978|12124.690451
0x000000000000000000000000ffed49c4a4e83207bb510c8c7469fc20a7ef0978|7415.243368
0x000000000000000000000000ffed49c4a4e83207bb510c8c7469fc20a7ef0978|12124.431438
0x000000000000000000000000ffed49c4a4e83207bb510c8c7469fc20a7ef0978|12124.431438
0x000000000000000000000000f669a68af28f5e67af5024c399590104b513743e|104.797433
0x000000000000000000000000ffed49c4a4e83207bb510c8c7469fc20a7ef0978|7319.110959
0x0000000000000000000000008cec397ea468f43e670415c2b36ee57f75347e0c|109.12254
0x000000000000000000000000c3e15904c9f9c8e6c38fbc36805b1a8a13e43ef0|110.353524
0x000000000000000000000000c99c053b80019cc5a3c05cedf7649ca3147dd2d1|110.44657
0x000000000000000000000000e19ecd95a604d11bc35effedc5f0239097ede99d|110.118174
0x00000000000000000000000041bf984421d4ec1584cc7c6b5db9e3e65e6f5650|109.650606
0x000000000000000000000000e0466e47c602138a616253f57eb8b15e3e3611a0|108.287971
0x0000000000000000000000002118de91442e751f0a4cfaac1fb1d7c8aa7303b8|107.761679
0x000000000000000000000000655edb15e3d8df47205f6978e1861ba1aa26d9c1|107.496139
0x0000000000000000000000002e729cdc9c7e5f3ce93ef1a2551968906b39b39d|107.067005
0x000000000000000000000000e1f5f8cea12bdf6dcc029e42da58d78217eba72d|4597.6235
0x000000000000000000000000c5304c3d91b24646bdb09ad00eb8907fe2d21eb3|33.452256
0x000000000000000000000000ffed49c4a4e83207bb510c8c7469fc20a7ef0978|105.11057
0x000000000000000000000000e1f5f8cea12bdf6dcc029e42da58d78217eba72d|33131.375
0x000000000000000000000000ffed49c4a4e83207bb510c8c7469fc20a7ef0978|105.994265
0x0000000000000000000000000843d150231efc09104fce905feae5ee83ffecd2|0.001482
0x000000000000000000000000ffed49c4a4e83207bb510c8c7469fc20a7ef0978|306.243372
0x000000000000000000000000e1f5f8cea12bdf6dcc029e42da58d78217eba72d|2000.873983
0x000000000000000000000000ffed49c4a4e83207bb510c8c7469fc20a7ef0978|153.8758
0x000000000000000000000000ffed49c4a4e83207bb510c8c7469fc20a7ef0978|14315.431301
0x0000000000000000000000000843d150231efc09104fce905feae5ee83ffecd2|0.001955
0x000000000000000000000000ffed49c4a4e83207bb510c8c7469fc20a7ef0978|84.818824
0x000000000000000000000000ffed49c4a4e83207bb510c8c7469fc20a7ef0978|14466.436972
0x000000000000000000000000ffed49c4a4e83207bb510c8c7469fc20a7ef0978|119.846332
0x000000000000000000000000ffed49c4a4e83207bb510c8c7469fc20a7ef0978|732.149965
0x000000000000000000000000ffed49c4a4e83207bb510c8c7469fc20a7ef0978|581.8026
0x0000000000000000000000000843d150231efc09104fce905feae5ee83ffecd2|1441.33205
0x000000000000000000000000ffed49c4a4e83207bb510c8c7469fc20a7ef0978|90.320118
0x000000000000000000000000ffed49c4a4e83207bb510c8c7469fc20a7ef0978|153.273298
0x000000000000000000000000ffed49c4a4e83207bb510c8c7469fc20a7ef0978|34.916369
0x000000000000000000000000ffed49c4a4e83207bb510c8c7469fc20a7ef0978|632.624308
0x000000000000000000000000dcc93620ab37182fd18bd1605e169149e8b57c87|30444.345403
0x000000000000000000000000e1f5f8cea12bdf6dcc029e42da58d78217eba72d|35793.4305
0x000000000000000000000000e1f5f8cea12bdf6dcc029e42da58d78217eba72d|35756.017469
0x000000000000000000000000e1f5f8cea12bdf6dcc029e42da58d78217eba72d|35756.017469
0x0000000000000000000000007289133f107a1d4647d51ea1a73df0537d18fb99|0.000111
0x000000000000000000000000a0457f0fb9fc40bf446f4f748a8d45f3ea45c832|0.002005
0x000000000000000000000000a0457f0fb9fc40bf446f4f748a8d45f3ea45c832|20.026893
0x000000000000000000000000a0457f0fb9fc40bf446f4f748a8d45f3ea45c832|2212.763219
0x000000000000000000000000e1f5f8cea12bdf6dcc029e42da58d78217eba72d|1219.693
0x000000000000000000000000dcc93620ab37182fd18bd1605e169149e8b57c87|30311.746332
0x000000000000000000000000ffed49c4a4e83207bb510c8c7469fc20a7ef0978|286.344277
0x0000000000000000000000000843d150231efc09104fce905feae5ee83ffecd2|0.00098
0x000000000000000000000000ffed49c4a4e83207bb510c8c7469fc20a7ef0978|9076.588713
0x000000000000000000000000ffed49c4a4e83207bb510c8c7469fc20a7ef0978|723.1316
0x000000000000000000000000dcc93620ab37182fd18bd1605e169149e8b57c87|30516.460303
0x000000000000000000000000e1f5f8cea12bdf6dcc029e42da58d78217eba72d|33275.104
0x000000000000000000000000e1f5f8cea12bdf6dcc029e42da58d78217eba72d|33275.104
0x000000000000000000000000e1f5f8cea12bdf6dcc029e42da58d78217eba72d|33232.59
0x000000000000000000000000dcc93620ab37182fd18bd1605e169149e8b57c87|30563.696753
0x000000000000000000000000e1f5f8cea12bdf6dcc029e42da58d78217eba72d|5000
0x000000000000000000000000655d3d8eadefbc68dfd5dc475799a91789906164|4234.323492
0x000000000000000000000000ffed49c4a4e83207bb510c8c7469fc20a7ef0978|9318.155316
0x000000000000000000000000ffed49c4a4e83207bb510c8c7469fc20a7ef0978|8421.969801
0x000000000000000000000000ffed49c4a4e83207bb510c8c7469fc20a7ef0978|8519.943448
0x0000000000000000000000000843d150231efc09104fce905feae5ee83ffecd2|0.003609
0x0000000000000000000000000843d150231efc09104fce905feae5ee83ffecd2|0.003609
0x000000000000000000000000e1f5f8cea12bdf6dcc029e42da58d78217eba72d|11332.119712
0x000000000000000000000000a0457f0fb9fc40bf446f4f748a8d45f3ea45c832|32.026754
0x000000000000000000000000e1f5f8cea12bdf6dcc029e42da58d78217eba72d|500.70793
0x000000000000000000000000e1f5f8cea12bdf6dcc029e42da58d78217eba72d|500.70793
0x0000000000000000000000009daa4f44a0c1384f48512511b618db18a409c085|7470.257347
0x0000000000000000000000008d3dc57e467dbcfe43f387dc9ffd9f4bcc742e37|6809.549122
0x000000000000000000000000e15253c092475a8e7e60acb21390f7127fd7bdca|8047.676269
0x00000000000000000000000050438a9d9a3f39873d3649f31590d2dc08909191|6554.801824
0x000000000000000000000000401536b1b443792bf66572ff4453ca8af05a3464|7540.08945
0x000000000000000000000000ffed49c4a4e83207bb510c8c7469fc20a7ef0978|3564.076904
0x000000000000000000000000ffed49c4a4e83207bb510c8c7469fc20a7ef0978|3632.149515
0x000000000000000000000000820dc45d24e9079f125c965dbca70c46588d5c28|22135.265686
0x000000000000000000000000e1f5f8cea12bdf6dcc029e42da58d78217eba72d|76.4615
0x0000000000000000000000000843d150231efc09104fce905feae5ee83ffecd2|0.001204
0x000000000000000000000000a0457f0fb9fc40bf446f4f748a8d45f3ea45c832|39.5622
0x000000000000000000000000e1f5f8cea12bdf6dcc029e42da58d78217eba72d|166.649817
0x000000000000000000000000ffed49c4a4e83207bb510c8c7469fc20a7ef0978|339.565452
0x000000000000000000000000e1f5f8cea12bdf6dcc029e42da58d78217eba72d|5740.47341
0x000000000000000000000000d40d5ad4df0319911807390ea9e46de23586adac|8866.230079
0x000000000000000000000000ffed49c4a4e83207bb510c8c7469fc20a7ef0978|30.039738
0x000000000000000000000000ffed49c4a4e83207bb510c8c7469fc20a7ef0978|14034.518461
0x000000000000000000000000ffed49c4a4e83207bb510c8c7469fc20a7ef0978|120.4372
0x000000000000000000000000ffed49c4a4e83207bb510c8c7469fc20a7ef0978|0.544944
0x000000000000000000000000a0457f0fb9fc40bf446f4f748a8d45f3ea45c832|239.864275
0x000000000000000000000000ffed49c4a4e83207bb510c8c7469fc20a7ef0978|10.818987
0x000000000000000000000000a0457f0fb9fc40bf446f4f748a8d45f3ea45c832|247.733589
0x000000000000000000000000a0457f0fb9fc40bf446f4f748a8d45f3ea45c832|344.800584
0x0000000000000000000000000843d150231efc09104fce905feae5ee83ffecd2|0.001704
0x000000000000000000000000ffed49c4a4e83207bb510c8c7469fc20a7ef0978|87.373914
0x000000000000000000000000ffed49c4a4e83207bb510c8c7469fc20a7ef0978|187.618576
0x0000000000000000000000005bf652d87999c0f68039d0de4cb6421d35d1cb11|0.007824
0x0000000000000000000000000843d150231efc09104fce905feae5ee83ffecd2|0.000778
0x000000000000000000000000ffed49c4a4e83207bb510c8c7469fc20a7ef0978|14407.309415
0x000000000000000000000000d79f481194e9aa1d24a17d2ef45ef951d3f98d01|0.058251
0x00000000000000000000000053dbf8715edf4d52965eaff2e382f525a84b0d8f|15.028937
0x000000000000000000000000ffed49c4a4e83207bb510c8c7469fc20a7ef0978|159.741568
0x000000000000000000000000ffed49c4a4e83207bb510c8c7469fc20a7ef0978|1.322328
0x000000000000000000000000ffed49c4a4e83207bb510c8c7469fc20a7ef0978|34.619528
0x000000000000000000000000ffed49c4a4e83207bb510c8c7469fc20a7ef0978|2071.56051
0x000000000000000000000000ffed49c4a4e83207bb510c8c7469fc20a7ef0978|14556.940107
0x000000000000000000000000ffed49c4a4e83207bb510c8c7469fc20a7ef0978|129.5858
0x000000000000000000000000ffed49c4a4e83207bb510c8c7469fc20a7ef0978|0.585119
0x000000000000000000000000e1f5f8cea12bdf6dcc029e42da58d78217eba72d|11105.007944
0x000000000000000000000000a0457f0fb9fc40bf446f4f748a8d45f3ea45c832|600
0x000000000000000000000000ffed49c4a4e83207bb510c8c7469fc20a7ef0978|122.5902
0x0000000000000000000000000843d150231efc09104fce905feae5ee83ffecd2|0.002507
0x000000000000000000000000ffed49c4a4e83207bb510c8c7469fc20a7ef0978|15.412063
0x000000000000000000000000dcc93620ab37182fd18bd1605e169149e8b57c87|10000.58186
0x000000000000000000000000dcc93620ab37182fd18bd1605e169149e8b57c87|10000.581969
0x000000000000000000000000dcc93620ab37182fd18bd1605e169149e8b57c87|11095.208776
0x000000000000000000000000a0457f0fb9fc40bf446f4f748a8d45f3ea45c832|2.4536
0x000000000000000000000000a0457f0fb9fc40bf446f4f748a8d45f3ea45c832|2.6254
0x000000000000000000000000ffed49c4a4e83207bb510c8c7469fc20a7ef0978|20
0x000000000000000000000000ffed49c4a4e83207bb510c8c7469fc20a7ef0978|115.648462
0x000000000000000000000000994d3e2542487ff38898c407ec9f9d0c55ba5abe|60.11405
0x000000000000000000000000ffed49c4a4e83207bb510c8c7469fc20a7ef0978|0.620839
0x000000000000000000000000e15253c092475a8e7e60acb21390f7127fd7bdca|6623.985148
0x0000000000000000000000008d3dc57e467dbcfe43f387dc9ffd9f4bcc742e37|8517.623656
0x00000000000000000000000050438a9d9a3f39873d3649f31590d2dc08909191|7592.427862
0x000000000000000000000000401536b1b443792bf66572ff4453ca8af05a3464|9847.713382
0x0000000000000000000000009daa4f44a0c1384f48512511b618db18a409c085|6729.011785
0x000000000000000000000000ffed49c4a4e83207bb510c8c7469fc20a7ef0978|13673.115008
0x0000000000000000000000008f04b7f1a2356865985e37e89293880970d3a679|0.000289
0x000000000000000000000000cbed54800a4af21e4814933d68bb30ba879d286f|311.790169
0x000000000000000000000000ffed49c4a4e83207bb510c8c7469fc20a7ef0978|623.88375
0x000000000000000000000000ffed49c4a4e83207bb510c8c7469fc20a7ef0978|21.20266
0x000000000000000000000000ffed49c4a4e83207bb510c8c7469fc20a7ef0978|22.360443
0x000000000000000000000000ffed49c4a4e83207bb510c8c7469fc20a7ef0978|22.305441
0x000000000000000000000000ffed49c4a4e83207bb510c8c7469fc20a7ef0978|22.249202
0x000000000000000000000000ffed49c4a4e83207bb510c8c7469fc20a7ef0978|847.040729
0x0000000000000000000000000843d150231efc09104fce905feae5ee83ffecd2|0.001546
0x000000000000000000000000ffed49c4a4e83207bb510c8c7469fc20a7ef0978|28.808662
0x000000000000000000000000414814bcc166e34be9b2fff46ceb452aee8079df|5044.251783
0x000000000000000000000000ffed49c4a4e83207bb510c8c7469fc20a7ef0978|100
0x000000000000000000000000ffed49c4a4e83207bb510c8c7469fc20a7ef0978|29.348743
0x000000000000000000000000e1f5f8cea12bdf6dcc029e42da58d78217eba72d|5000
0x000000000000000000000000e1f5f8cea12bdf6dcc029e42da58d78217eba72d|25463.7072
0x000000000000000000000000ffed49c4a4e83207bb510c8c7469fc20a7ef0978|46.98573
0x0000000000000000000000000843d150231efc09104fce905feae5ee83ffecd2|0.00117
0x000000000000000000000000ffed49c4a4e83207bb510c8c7469fc20a7ef0978|48.930136
0x000000000000000000000000ffed49c4a4e83207bb510c8c7469fc20a7ef0978|51.929205
0x000000000000000000000000e1f5f8cea12bdf6dcc029e42da58d78217eba72d|96975.844131
0x0000000000000000000000000843d150231efc09104fce905feae5ee83ffecd2|1492.184236
0x000000000000000000000000ffed49c4a4e83207bb510c8c7469fc20a7ef0978|4500.146098
0x000000000000000000000000a0457f0fb9fc40bf446f4f748a8d45f3ea45c832|9385.650492
0x000000000000000000000000a0457f0fb9fc40bf446f4f748a8d45f3ea45c832|1600
0x000000000000000000000000ffed49c4a4e83207bb510c8c7469fc20a7ef0978|1600
0x000000000000000000000000e1f5f8cea12bdf6dcc029e42da58d78217eba72d|6885.561
0x000000000000000000000000dcc93620ab37182fd18bd1605e169149e8b57c87|10085.498764
0x000000000000000000000000ffed49c4a4e83207bb510c8c7469fc20a7ef0978|6897.157848
0x000000000000000000000000ffed49c4a4e83207bb510c8c7469fc20a7ef0978|1711.873058
0x0000000000000000000000001e0b45ce8f048a5a7a9eeaa71ba513f83b86a81c|20000.023493
0x000000000000000000000000a0457f0fb9fc40bf446f4f748a8d45f3ea45c832|821.048835
0x00000000000000000000000059bd6dcf7b461d970bcf00a45aba57c1d5a496fe|0.090972
0x00000000000000000000000059bd6dcf7b461d970bcf00a45aba57c1d5a496fe|0.10236
0x000000000000000000000000f669a68af28f5e67af5024c399590104b513743e|94.227058
0x00000000000000000000000086fd3e06e0fbec4c4b81305ead3fc572c9955082|1412.321809
0x000000000000000000000000ffed49c4a4e83207bb510c8c7469fc20a7ef0978|4726.966226
0x000000000000000000000000ffed49c4a4e83207bb510c8c7469fc20a7ef0978|7188.807041
0x000000000000000000000000ffed49c4a4e83207bb510c8c7469fc20a7ef0978|1.522851
0x000000000000000000000000ffed49c4a4e83207bb510c8c7469fc20a7ef0978|198.81995
0x000000000000000000000000ffed49c4a4e83207bb510c8c7469fc20a7ef0978|5370.312213
0x000000000000000000000000ffed49c4a4e83207bb510c8c7469fc20a7ef0978|4295.907679
0x000000000000000000000000e15253c092475a8e7e60acb21390f7127fd7bdca|3368.136931
0x0000000000000000000000008d3dc57e467dbcfe43f387dc9ffd9f4bcc742e37|3283.574227
0x00000000000000000000000050438a9d9a3f39873d3649f31590d2dc08909191|3264.445977
0x00000000000000000000000050438a9d9a3f39873d3649f31590d2dc08909191|3264.446124
0x000000000000000000000000401536b1b443792bf66572ff4453ca8af05a3464|3640.18881
0x0000000000000000000000009daa4f44a0c1384f48512511b618db18a409c085|4588.937469
0x00000000000000000000000059bd6dcf7b461d970bcf00a45aba57c1d5a496fe|0.001576
0x000000000000000000000000ffed49c4a4e83207bb510c8c7469fc20a7ef0978|4443.166558
0x000000000000000000000000ffed49c4a4e83207bb510c8c7469fc20a7ef0978|420.149845
0x000000000000000000000000ffed49c4a4e83207bb510c8c7469fc20a7ef0978|2564.005245
0x000000000000000000000000ffed49c4a4e83207bb510c8c7469fc20a7ef0978|6150.316187
0x0000000000000000000000000843d150231efc09104fce905feae5ee83ffecd2|0.003229
0x000000000000000000000000ffed49c4a4e83207bb510c8c7469fc20a7ef0978|7349.175511
0x000000000000000000000000ffed49c4a4e83207bb510c8c7469fc20a7ef0978|11.644299
0x000000000000000000000000ffed49c4a4e83207bb510c8c7469fc20a7ef0978|2304.353406
0x000000000000000000000000ffed49c4a4e83207bb510c8c7469fc20a7ef0978|10456.421392
0x000000000000000000000000ffed49c4a4e83207bb510c8c7469fc20a7ef0978|10456.421392
0x000000000000000000000000ffed49c4a4e83207bb510c8c7469fc20a7ef0978|8993.277801
0x000000000000000000000000e1f5f8cea12bdf6dcc029e42da58d78217eba72d|75.024
0x000000000000000000000000a0457f0fb9fc40bf446f4f748a8d45f3ea45c832|3665.251021
0x0000000000000000000000002f308c453bf85fa83aa8cc38d405ee7f92a2b21f|6.751972
0x0000000000000000000000008c68f4bfc62fc6ebf9be7a804f28383bb0dc23c6|100.111782
0x000000000000000000000000801a530ff7532c8e4665e7b8c4730320012bacbf|169.64788
0x000000000000000000000000c5bd72d419a46763827fadb874f324d40da6a444|786.62052
0x000000000000000000000000dcc93620ab37182fd18bd1605e169149e8b57c87|10050.876057
0x000000000000000000000000dcc93620ab37182fd18bd1605e169149e8b57c87|10053.384803
0x000000000000000000000000c5bd72d419a46763827fadb874f324d40da6a444|940.753975
0x000000000000000000000000f669a68af28f5e67af5024c399590104b513743e|6429.496073
0x00000000000000000000000059bd6dcf7b461d970bcf00a45aba57c1d5a496fe|0.005928
0x0000000000000000000000000843d150231efc09104fce905feae5ee83ffecd2|0.03515
0x000000000000000000000000f669a68af28f5e67af5024c399590104b513743e|2000.208851
0x000000000000000000000000dcc93620ab37182fd18bd1605e169149e8b57c87|10181.923967
0x000000000000000000000000f669a68af28f5e67af5024c399590104b513743e|978.053192
0x000000000000000000000000acd1548dca7f81d280b8b714ef9fbdf4991a8938|504.655583
0x0000000000000000000000005d989758fae2d7b1724425a37d02477ba30c12cc|9.035723
0x00000000000000000000000002567e7e3ecd8f7a0458cd6d5accd5951bfaa400|21.091468
0x000000000000000000000000f669a68af28f5e67af5024c399590104b513743e|6335.829617
0x000000000000000000000000ffed49c4a4e83207bb510c8c7469fc20a7ef0978|4408.429277
0x000000000000000000000000ffed49c4a4e83207bb510c8c7469fc20a7ef0978|0.222048
0x000000000000000000000000e077a5dc9d5c6fd4ec16e2aa7de40b1ea575cdd8|500.876261
0x000000000000000000000000e077a5dc9d5c6fd4ec16e2aa7de40b1ea575cdd8|500.876261
0x000000000000000000000000e735fd805fc0674e9995b551ad4a1766c9d88fa7|50.068072
0x000000000000000000000000e1f5f8cea12bdf6dcc029e42da58d78217eba72d|60038.807279
0x000000000000000000000000ffed49c4a4e83207bb510c8c7469fc20a7ef0978|5694.690148
0x000000000000000000000000bdadbc500a5d129176696ef3c53f1fd9a73d9585|0.000634
0x000000000000000000000000ffed49c4a4e83207bb510c8c7469fc20a7ef0978|5442.07664
0x000000000000000000000000ffed49c4a4e83207bb510c8c7469fc20a7ef0978|10733.51029
0x000000000000000000000000ffed49c4a4e83207bb510c8c7469fc20a7ef0978|822.48693
0x000000000000000000000000d40d5ad4df0319911807390ea9e46de23586adac|2553.884374
0x000000000000000000000000ffed49c4a4e83207bb510c8c7469fc20a7ef0978|2556.006
0x000000000000000000000000ffed49c4a4e83207bb510c8c7469fc20a7ef0978|11364.477991
0x000000000000000000000000ffed49c4a4e83207bb510c8c7469fc20a7ef0978|11868.498852
0x000000000000000000000000ffed49c4a4e83207bb510c8c7469fc20a7ef0978|12372.314191
0x000000000000000000000000ffed49c4a4e83207bb510c8c7469fc20a7ef0978|12875.9293
0x000000000000000000000000ffed49c4a4e83207bb510c8c7469fc20a7ef0978|13379.358329
0x000000000000000000000000ffed49c4a4e83207bb510c8c7469fc20a7ef0978|13882.605482
0x0000000000000000000000000843d150231efc09104fce905feae5ee83ffecd2|0.049358
0x000000000000000000000000ffed49c4a4e83207bb510c8c7469fc20a7ef0978|14255.686247
0x000000000000000000000000a0457f0fb9fc40bf446f4f748a8d45f3ea45c832|21.294873
0x000000000000000000000000ffed49c4a4e83207bb510c8c7469fc20a7ef0978|23.998337
0x000000000000000000000000ffed49c4a4e83207bb510c8c7469fc20a7ef0978|0.4
0x000000000000000000000000bdadbc500a5d129176696ef3c53f1fd9a73d9585|0.000642
0x000000000000000000000000ffed49c4a4e83207bb510c8c7469fc20a7ef0978|5.7066
0x000000000000000000000000a0457f0fb9fc40bf446f4f748a8d45f3ea45c832|81.6494
0x000000000000000000000000bdadbc500a5d129176696ef3c53f1fd9a73d9585|0.000702
0x000000000000000000000000ffed49c4a4e83207bb510c8c7469fc20a7ef0978|4.972891
0x000000000000000000000000ffed49c4a4e83207bb510c8c7469fc20a7ef0978|0.476397
0x0000000000000000000000000843d150231efc09104fce905feae5ee83ffecd2|0.001672
0x000000000000000000000000a0457f0fb9fc40bf446f4f748a8d45f3ea45c832|3.591218
0x000000000000000000000000ffed49c4a4e83207bb510c8c7469fc20a7ef0978|19.986171
0x000000000000000000000000ffed49c4a4e83207bb510c8c7469fc20a7ef0978|5.614049
0x000000000000000000000000ffed49c4a4e83207bb510c8c7469fc20a7ef0978|5.61675
0x000000000000000000000000ffed49c4a4e83207bb510c8c7469fc20a7ef0978|5.61675
0x000000000000000000000000a0457f0fb9fc40bf446f4f748a8d45f3ea45c832|21.844993
0x00000000000000000000000088a48d1f4170f54e10c8e4decafd8d5b4ff2742b|18274.438622
0x000000000000000000000000e1f5f8cea12bdf6dcc029e42da58d78217eba72d|101.6104
0x000000000000000000000000bdadbc500a5d129176696ef3c53f1fd9a73d9585|0.000468
0x000000000000000000000000e1f5f8cea12bdf6dcc029e42da58d78217eba72d|1293.377666
0x000000000000000000000000ffed49c4a4e83207bb510c8c7469fc20a7ef0978|244.224205
0x000000000000000000000000ffed49c4a4e83207bb510c8c7469fc20a7ef0978|183.321575
0x000000000000000000000000a0457f0fb9fc40bf446f4f748a8d45f3ea45c832|1100
0x000000000000000000000000daaa81e0b4d596212e2aee2f0d08136204597646|0.001782
0x000000000000000000000000ffed49c4a4e83207bb510c8c7469fc20a7ef0978|0.304122
0x000000000000000000000000ffed49c4a4e83207bb510c8c7469fc20a7ef0978|12466.875234
0x000000000000000000000000ffed49c4a4e83207bb510c8c7469fc20a7ef0978|13061.293546
0x000000000000000000000000655d3d8eadefbc68dfd5dc475799a91789906164|4178.074422
0x000000000000000000000000b10ff324878b22227e2deeb84e6d111761c4a9c0|0.000725
0x000000000000000000000000ffed49c4a4e83207bb510c8c7469fc20a7ef0978|13439.680927
0x000000000000000000000000ffed49c4a4e83207bb510c8c7469fc20a7ef0978|3.875117
0x000000000000000000000000ffed49c4a4e83207bb510c8c7469fc20a7ef0978|268
0x000000000000000000000000e1f5f8cea12bdf6dcc029e42da58d78217eba72d|25931.6484
0x000000000000000000000000d40d5ad4df0319911807390ea9e46de23586adac|5269.875123
0x000000000000000000000000ffed49c4a4e83207bb510c8c7469fc20a7ef0978|5269.8752
0x000000000000000000000000d40d5ad4df0319911807390ea9e46de23586adac|1002.455232
0x000000000000000000000000d40d5ad4df0319911807390ea9e46de23586adac|1998.167094
0x000000000000000000000000c45f2c18cd509d76e9369827cde671c779c02065|227.651035
0x000000000000000000000000bdadbc500a5d129176696ef3c53f1fd9a73d9585|0.000855
0x000000000000000000000000ffed49c4a4e83207bb510c8c7469fc20a7ef0978|0.883184
0x000000000000000000000000187983e6579c82e3dc81fac2bccf6e499d4a2227|0.000002
0x000000000000000000000000ffed49c4a4e83207bb510c8c7469fc20a7ef0978|0.002
0x000000000000000000000000ffed49c4a4e83207bb510c8c7469fc20a7ef0978|10
0x000000000000000000000000ffed49c4a4e83207bb510c8c7469fc20a7ef0978|22.661732
0x000000000000000000000000ffed49c4a4e83207bb510c8c7469fc20a7ef0978|36.5274
0x000000000000000000000000ffed49c4a4e83207bb510c8c7469fc20a7ef0978|72.9652
0x000000000000000000000000ffed49c4a4e83207bb510c8c7469fc20a7ef0978|34.497563
0x000000000000000000000000ffed49c4a4e83207bb510c8c7469fc20a7ef0978|34.548341
0x00000000000000000000000074ab2169dc230e0445de2308b2c14d80d2679b2c|200.504407
0x000000000000000000000000ffed49c4a4e83207bb510c8c7469fc20a7ef0978|15.230661
0x000000000000000000000000a0457f0fb9fc40bf446f4f748a8d45f3ea45c832|59.382972
0x000000000000000000000000ffed49c4a4e83207bb510c8c7469fc20a7ef0978|58.857608
0x000000000000000000000000652bc8a54a3aab36fada1d2575d7a4d8e716ced8|5147.211231
0x000000000000000000000000ffed49c4a4e83207bb510c8c7469fc20a7ef0978|7.383348
0x000000000000000000000000655d3d8eadefbc68dfd5dc475799a91789906164|4186.388325
0x00000000000000000000000074ab2169dc230e0445de2308b2c14d80d2679b2c|224.847787
0x000000000000000000000000ffed49c4a4e83207bb510c8c7469fc20a7ef0978|112.1904
0x0000000000000000000000001e0b45ce8f048a5a7a9eeaa71ba513f83b86a81c|25082.56157
0x000000000000000000000000ffed49c4a4e83207bb510c8c7469fc20a7ef0978|8.8626
0x000000000000000000000000ffed49c4a4e83207bb510c8c7469fc20a7ef0978|1012.777083
0x000000000000000000000000ffed49c4a4e83207bb510c8c7469fc20a7ef0978|1198
0x000000000000000000000000820dc45d24e9079f125c965dbca70c46588d5c28|1002.710175
0x0000000000000000000000000843d150231efc09104fce905feae5ee83ffecd2|0.003295
0x000000000000000000000000e1f5f8cea12bdf6dcc029e42da58d78217eba72d|0.77
0x0000000000000000000000001794f18d4483c6623478c73a55fda0d2c1f203e4|12051.10177
0x000000000000000000000000e1f5f8cea12bdf6dcc029e42da58d78217eba72d|2919.511
0x000000000000000000000000e1f5f8cea12bdf6dcc029e42da58d78217eba72d|21.503999
0x000000000000000000000000e1f5f8cea12bdf6dcc029e42da58d78217eba72d|2935.621071
0x0000000000000000000000000843d150231efc09104fce905feae5ee83ffecd2|0.00035
0x000000000000000000000000ffed49c4a4e83207bb510c8c7469fc20a7ef0978|1.646255
0x000000000000000000000000ffed49c4a4e83207bb510c8c7469fc20a7ef0978|1.655248
0x000000000000000000000000ffed49c4a4e83207bb510c8c7469fc20a7ef0978|1.655249
0x000000000000000000000000ffed49c4a4e83207bb510c8c7469fc20a7ef0978|1.653013
0x000000000000000000000000ffed49c4a4e83207bb510c8c7469fc20a7ef0978|1.653214
0x000000000000000000000000ffed49c4a4e83207bb510c8c7469fc20a7ef0978|1.653214
0x000000000000000000000000ffed49c4a4e83207bb510c8c7469fc20a7ef0978|1.65045
0x000000000000000000000000ffed49c4a4e83207bb510c8c7469fc20a7ef0978|1.652416
0x000000000000000000000000ffed49c4a4e83207bb510c8c7469fc20a7ef0978|1.652217
0x000000000000000000000000ffed49c4a4e83207bb510c8c7469fc20a7ef0978|3.212017
0x000000000000000000000000ffed49c4a4e83207bb510c8c7469fc20a7ef0978|1.652219
0x000000000000000000000000ffed49c4a4e83207bb510c8c7469fc20a7ef0978|1.65242
0x000000000000000000000000ffed49c4a4e83207bb510c8c7469fc20a7ef0978|1.652621
0x000000000000000000000000ffed49c4a4e83207bb510c8c7469fc20a7ef0978|1.652623
0x000000000000000000000000ffed49c4a4e83207bb510c8c7469fc20a7ef0978|1.657424
0x000000000000000000000000ffed49c4a4e83207bb510c8c7469fc20a7ef0978|1.662225
0x000000000000000000000000ffed49c4a4e83207bb510c8c7469fc20a7ef0978|7.942026
0x000000000000000000000000ffed49c4a4e83207bb510c8c7469fc20a7ef0978|7.94203
0x000000000000000000000000ffed49c4a4e83207bb510c8c7469fc20a7ef0978|7.943635
0x000000000000000000000000ffed49c4a4e83207bb510c8c7469fc20a7ef0978|7.94004
0x000000000000000000000000ffed49c4a4e83207bb510c8c7469fc20a7ef0978|0.006913
0x000000000000000000000000ffed49c4a4e83207bb510c8c7469fc20a7ef0978|7.939847
0x000000000000000000000000ffed49c4a4e83207bb510c8c7469fc20a7ef0978|7.933451
0x000000000000000000000000ffed49c4a4e83207bb510c8c7469fc20a7ef0978|8.021763
0x000000000000000000000000ffed49c4a4e83207bb510c8c7469fc20a7ef0978|8.023156
0x000000000000000000000000ffed49c4a4e83207bb510c8c7469fc20a7ef0978|7.982785
0x000000000000000000000000ffed49c4a4e83207bb510c8c7469fc20a7ef0978|7.978194
0x000000000000000000000000ffed49c4a4e83207bb510c8c7469fc20a7ef0978|7.993603
0x000000000000000000000000ffed49c4a4e83207bb510c8c7469fc20a7ef0978|7.993412
0x000000000000000000000000ffed49c4a4e83207bb510c8c7469fc20a7ef0978|7.975621
0x000000000000000000000000ffed49c4a4e83207bb510c8c7469fc20a7ef0978|7.977031
0x000000000000000000000000ffed49c4a4e83207bb510c8c7469fc20a7ef0978|7.975458
0x000000000000000000000000ffed49c4a4e83207bb510c8c7469fc20a7ef0978|7.976866
0x000000000000000000000000ffed49c4a4e83207bb510c8c7469fc20a7ef0978|7.981022
0x000000000000000000000000ffed49c4a4e83207bb510c8c7469fc20a7ef0978|7.980831
0x000000000000000000000000ffed49c4a4e83207bb510c8c7469fc20a7ef0978|7.98224
0x000000000000000000000000ffed49c4a4e83207bb510c8c7469fc20a7ef0978|7.98225
0x000000000000000000000000ffed49c4a4e83207bb510c8c7469fc20a7ef0978|7.98404
0x000000000000000000000000ffed49c4a4e83207bb510c8c7469fc20a7ef0978|8.007566
0x000000000000000000000000ffed49c4a4e83207bb510c8c7469fc20a7ef0978|8.007376
0x000000000000000000000000ffed49c4a4e83207bb510c8c7469fc20a7ef0978|8.007387
0x000000000000000000000000ffed49c4a4e83207bb510c8c7469fc20a7ef0978|8.007198
0x000000000000000000000000ffed49c4a4e83207bb510c8c7469fc20a7ef0978|8.007008
0x000000000000000000000000ffed49c4a4e83207bb510c8c7469fc20a7ef0978|7.993406
0x000000000000000000000000ffed49c4a4e83207bb510c8c7469fc20a7ef0978|7.9863
0x000000000000000000000000ffed49c4a4e83207bb510c8c7469fc20a7ef0978|7.9863
0x000000000000000000000000ffed49c4a4e83207bb510c8c7469fc20a7ef0978|7.969512
0x000000000000000000000000ffed49c4a4e83207bb510c8c7469fc20a7ef0978|7.959838
0x000000000000000000000000ffed49c4a4e83207bb510c8c7469fc20a7ef0978|7.94028
0x000000000000000000000000ffed49c4a4e83207bb510c8c7469fc20a7ef0978|7.938538
0x000000000000000000000000ffed49c4a4e83207bb510c8c7469fc20a7ef0978|7.924511
0x000000000000000000000000ffed49c4a4e83207bb510c8c7469fc20a7ef0978|7.918983
0x000000000000000000000000ffed49c4a4e83207bb510c8c7469fc20a7ef0978|7.916022
0x000000000000000000000000ffed49c4a4e83207bb510c8c7469fc20a7ef0978|6.242565
0x000000000000000000000000ffed49c4a4e83207bb510c8c7469fc20a7ef0978|6.241565
0x000000000000000000000000ffed49c4a4e83207bb510c8c7469fc20a7ef0978|6.241565
0x000000000000000000000000ffed49c4a4e83207bb510c8c7469fc20a7ef0978|6.242764
0x000000000000000000000000ffed49c4a4e83207bb510c8c7469fc20a7ef0978|6.242364
0x000000000000000000000000ffed49c4a4e83207bb510c8c7469fc20a7ef0978|6.241564
0x000000000000000000000000ffed49c4a4e83207bb510c8c7469fc20a7ef0978|6.239364
0x000000000000000000000000ffed49c4a4e83207bb510c8c7469fc20a7ef0978|6.239364
0x000000000000000000000000ffed49c4a4e83207bb510c8c7469fc20a7ef0978|6.239364
0x000000000000000000000000ffed49c4a4e83207bb510c8c7469fc20a7ef0978|4.681329
0x000000000000000000000000ffed49c4a4e83207bb510c8c7469fc20a7ef0978|6.238764
0x000000000000000000000000ffed49c4a4e83207bb510c8c7469fc20a7ef0978|6.234364
0x000000000000000000000000ffed49c4a4e83207bb510c8c7469fc20a7ef0978|6.234364
0x000000000000000000000000ffed49c4a4e83207bb510c8c7469fc20a7ef0978|6.233564
0x000000000000000000000000ffed49c4a4e83207bb510c8c7469fc20a7ef0978|6.233365
0x000000000000000000000000ffed49c4a4e83207bb510c8c7469fc20a7ef0978|6.233365
0x000000000000000000000000ffed49c4a4e83207bb510c8c7469fc20a7ef0978|6.233364
0x000000000000000000000000a0457f0fb9fc40bf446f4f748a8d45f3ea45c832|392.496765
0x000000000000000000000000ffed49c4a4e83207bb510c8c7469fc20a7ef0978|223.270675
0x000000000000000000000000ffed49c4a4e83207bb510c8c7469fc20a7ef0978|3492.206189
0x000000000000000000000000a0457f0fb9fc40bf446f4f748a8d45f3ea45c832|3305.455888
0x000000000000000000000000a0457f0fb9fc40bf446f4f748a8d45f3ea45c832|3305.455888
0x000000000000000000000000820dc45d24e9079f125c965dbca70c46588d5c28|0.592017
0x000000000000000000000000ffed49c4a4e83207bb510c8c7469fc20a7ef0978|2786.893227
0x000000000000000000000000ffed49c4a4e83207bb510c8c7469fc20a7ef0978|980.8578
0x000000000000000000000000ffed49c4a4e83207bb510c8c7469fc20a7ef0978|980.8578
0x00000000000000000000000029e913b40791212048df2725efd80f8465f967f0|0.512929
0x00000000000000000000000008155e92dba20e203ec4eb8327d1b06009a0dcd8|0.000091
0x00000000000000000000000008155e92dba20e203ec4eb8327d1b06009a0dcd8|0.000091
0x000000000000000000000000ffed49c4a4e83207bb510c8c7469fc20a7ef0978|30.802805
0x000000000000000000000000a0457f0fb9fc40bf446f4f748a8d45f3ea45c832|59.85048
0x000000000000000000000000b93753ea78844969fa446ff9af5a07a33be6cd95|0.002011
0x000000000000000000000000ffed49c4a4e83207bb510c8c7469fc20a7ef0978|49.747412
0x000000000000000000000000ba354a1f2aadc498d7b709e864da121cad7d77a7|0.008081
0x000000000000000000000000ffed49c4a4e83207bb510c8c7469fc20a7ef0978|12.734331
0x000000000000000000000000ffed49c4a4e83207bb510c8c7469fc20a7ef0978|0.704329
0x000000000000000000000000ffed49c4a4e83207bb510c8c7469fc20a7ef0978|10915.047697
0x000000000000000000000000ffed49c4a4e83207bb510c8c7469fc20a7ef0978|14013.398275
0x0000000000000000000000001f08a174bbeec96e5d4b2de7451b60a5683bed84|1394.36528
0x000000000000000000000000ffed49c4a4e83207bb510c8c7469fc20a7ef0978|912.415492
0x000000000000000000000000ffed49c4a4e83207bb510c8c7469fc20a7ef0978|1459.834778
0x000000000000000000000000ffed49c4a4e83207bb510c8c7469fc20a7ef0978|3999.959592
0x000000000000000000000000ffed49c4a4e83207bb510c8c7469fc20a7ef0978|6924.133317
0x000000000000000000000000ffed49c4a4e83207bb510c8c7469fc20a7ef0978|6924.133317
0x000000000000000000000000ffed49c4a4e83207bb510c8c7469fc20a7ef0978|3.870526
0x000000000000000000000000ffed49c4a4e83207bb510c8c7469fc20a7ef0978|3.870526
0x000000000000000000000000ffed49c4a4e83207bb510c8c7469fc20a7ef0978|3993.419491
0x000000000000000000000000ffed49c4a4e83207bb510c8c7469fc20a7ef0978|629.096292
0x0000000000000000000000005d989758fae2d7b1724425a37d02477ba30c12cc|11.007462
0x0000000000000000000000005d989758fae2d7b1724425a37d02477ba30c12cc|169.871525
0x000000000000000000000000a0457f0fb9fc40bf446f4f748a8d45f3ea45c832|6.395766
0x0000000000000000000000005d989758fae2d7b1724425a37d02477ba30c12cc|127.73601
0x0000000000000000000000005d989758fae2d7b1724425a37d02477ba30c12cc|0.098572
0x0000000000000000000000005d989758fae2d7b1724425a37d02477ba30c12cc|1.501726
0x000000000000000000000000655d3d8eadefbc68dfd5dc475799a91789906164|4066.011607
0x000000000000000000000000dcc93620ab37182fd18bd1605e169149e8b57c87|27654.234679
0x000000000000000000000000dcc93620ab37182fd18bd1605e169149e8b57c87|27654.272177
0x000000000000000000000000ffed49c4a4e83207bb510c8c7469fc20a7ef0978|916.646534
0x000000000000000000000000ffed49c4a4e83207bb510c8c7469fc20a7ef0978|10976.596044
0x000000000000000000000000ffed49c4a4e83207bb510c8c7469fc20a7ef0978|17239.651682
0x0000000000000000000000005d989758fae2d7b1724425a37d02477ba30c12cc|20.010519
0x0000000000000000000000001794f18d4483c6623478c73a55fda0d2c1f203e4|27.623246
0x0000000000000000000000005d989758fae2d7b1724425a37d02477ba30c12cc|310.249115
0x0000000000000000000000006e5ed395721566db32591238d7cd13cb71a50f26|235.38546
0x0000000000000000000000005d989758fae2d7b1724425a37d02477ba30c12cc|1.290564
0x000000000000000000000000daaa81e0b4d596212e2aee2f0d08136204597646|0.541296
0x0000000000000000000000005d989758fae2d7b1724425a37d02477ba30c12cc|1.185442
0x000000000000000000000000b10ff324878b22227e2deeb84e6d111761c4a9c0|2.662363
0x000000000000000000000000ffed49c4a4e83207bb510c8c7469fc20a7ef0978|10500.456694
0x000000000000000000000000ffed49c4a4e83207bb510c8c7469fc20a7ef0978|10976.443787
0x000000000000000000000000ffed49c4a4e83207bb510c8c7469fc20a7ef0978|7050.887434
0x000000000000000000000000ffed49c4a4e83207bb510c8c7469fc20a7ef0978|141.846428
0x000000000000000000000000ffed49c4a4e83207bb510c8c7469fc20a7ef0978|36
0x000000000000000000000000ffed49c4a4e83207bb510c8c7469fc20a7ef0978|27.388179
0x000000000000000000000000a0457f0fb9fc40bf446f4f748a8d45f3ea45c832|21.006246
0x0000000000000000000000005c7a3095479fb405aedbc2667c1493942dddcd5d|0.00009
0x000000000000000000000000a0457f0fb9fc40bf446f4f748a8d45f3ea45c832|25.104586
0x000000000000000000000000ffed49c4a4e83207bb510c8c7469fc20a7ef0978|55.465523
0x000000000000000000000000a0457f0fb9fc40bf446f4f748a8d45f3ea45c832|102.129804
0x000000000000000000000000ffed49c4a4e83207bb510c8c7469fc20a7ef0978|22.73121
0x000000000000000000000000ffed49c4a4e83207bb510c8c7469fc20a7ef0978|21.640914
0x0000000000000000000000004d3cf812c0363732842296a5453c111bccb399e8|9.994279
0x000000000000000000000000e077a5dc9d5c6fd4ec16e2aa7de40b1ea575cdd8|3997.812372
0x000000000000000000000000d57f81f426bf6c70683b07294c4bb19a03a686fa|0.10471
0x0000000000000000000000001f08a174bbeec96e5d4b2de7451b60a5683bed84|0.001932
0x0000000000000000000000007996fe9efef1dc399a92a6e471ef71e73c30fa90|1699.19722
0x000000000000000000000000bdadbc500a5d129176696ef3c53f1fd9a73d9585|0.000046
0x000000000000000000000000e735fd805fc0674e9995b551ad4a1766c9d88fa7|30.011758
0x000000000000000000000000ffed49c4a4e83207bb510c8c7469fc20a7ef0978|2.91213
0x000000000000000000000000d40d5ad4df0319911807390ea9e46de23586adac|0.012739
0x000000000000000000000000ffed49c4a4e83207bb510c8c7469fc20a7ef0978|469.690761
0x000000000000000000000000ffed49c4a4e83207bb510c8c7469fc20a7ef0978|1333.594
0x000000000000000000000000ffed49c4a4e83207bb510c8c7469fc20a7ef0978|200
0x000000000000000000000000ffed49c4a4e83207bb510c8c7469fc20a7ef0978|2180.760741
0x000000000000000000000000ffed49c4a4e83207bb510c8c7469fc20a7ef0978|4211.233306
0x000000000000000000000000ffed49c4a4e83207bb510c8c7469fc20a7ef0978|5.29826
0x000000000000000000000000ffed49c4a4e83207bb510c8c7469fc20a7ef0978|5.591334
0x000000000000000000000000ffed49c4a4e83207bb510c8c7469fc20a7ef0978|1.370244
0x000000000000000000000000ffed49c4a4e83207bb510c8c7469fc20a7ef0978|24.828038
0x000000000000000000000000ffed49c4a4e83207bb510c8c7469fc20a7ef0978|31.986198
0x000000000000000000000000e1f5f8cea12bdf6dcc029e42da58d78217eba72d|16.4435
0x000000000000000000000000f669a68af28f5e67af5024c399590104b513743e|100.058937
0x000000000000000000000000f669a68af28f5e67af5024c399590104b513743e|500.349706
0x0000000000000000000000005cc9e8145fab6c9f084af0eccbb9ce2f2fc5d9b7|0.007871
0x000000000000000000000000ffed49c4a4e83207bb510c8c7469fc20a7ef0978|11431.455061
0x000000000000000000000000ffed49c4a4e83207bb510c8c7469fc20a7ef0978|1074
0x000000000000000000000000a0457f0fb9fc40bf446f4f748a8d45f3ea45c832|10.979909
0x000000000000000000000000a0457f0fb9fc40bf446f4f748a8d45f3ea45c832|173.518261
0x000000000000000000000000ffed49c4a4e83207bb510c8c7469fc20a7ef0978|57.320702
0x000000000000000000000000f669a68af28f5e67af5024c399590104b513743e|344.316442
0x000000000000000000000000a0457f0fb9fc40bf446f4f748a8d45f3ea45c832|1193.421332
0x000000000000000000000000a0457f0fb9fc40bf446f4f748a8d45f3ea45c832|13.7892
0x0000000000000000000000006499e1df6036ad64f01fae5989150d7438489ae3|42.472471
0x000000000000000000000000ffed49c4a4e83207bb510c8c7469fc20a7ef0978|3.611075
0x000000000000000000000000e1f5f8cea12bdf6dcc029e42da58d78217eba72d|92359.2904
0x00000000000000000000000086fd3e06e0fbec4c4b81305ead3fc572c9955082|1220.325112
0x000000000000000000000000a0457f0fb9fc40bf446f4f748a8d45f3ea45c832|1749.9796
0x000000000000000000000000e1f5f8cea12bdf6dcc029e42da58d78217eba72d|80000
0x000000000000000000000000a0457f0fb9fc40bf446f4f748a8d45f3ea45c832|4.2836
0x000000000000000000000000ffed49c4a4e83207bb510c8c7469fc20a7ef0978|8.213362
0x000000000000000000000000ffed49c4a4e83207bb510c8c7469fc20a7ef0978|12061.988999
0x000000000000000000000000ffed49c4a4e83207bb510c8c7469fc20a7ef0978|1
0x000000000000000000000000d40d5ad4df0319911807390ea9e46de23586adac|624.917257
0x000000000000000000000000d40d5ad4df0319911807390ea9e46de23586adac|2002.940434
0x000000000000000000000000ffed49c4a4e83207bb510c8c7469fc20a7ef0978|2627.8577
0x000000000000000000000000d40d5ad4df0319911807390ea9e46de23586adac|990.455881
0x000000000000000000000000ffed49c4a4e83207bb510c8c7469fc20a7ef0978|190.789565
0x000000000000000000000000ffed49c4a4e83207bb510c8c7469fc20a7ef0978|93.9318
0x000000000000000000000000ffed49c4a4e83207bb510c8c7469fc20a7ef0978|120.933056
0x000000000000000000000000ffed49c4a4e83207bb510c8c7469fc20a7ef0978|4.008853
0x0000000000000000000000000f1a38ba6077150e4bd1b28a8fb8bdfc86b1f4ba|20448.587634
0x000000000000000000000000ffed49c4a4e83207bb510c8c7469fc20a7ef0978|2000
0x00000000000000000000000086fd3e06e0fbec4c4b81305ead3fc572c9955082|6240.462538
0x000000000000000000000000ffed49c4a4e83207bb510c8c7469fc20a7ef0978|5585.190408
0x000000000000000000000000ffed49c4a4e83207bb510c8c7469fc20a7ef0978|69.625676
0x000000000000000000000000ffed49c4a4e83207bb510c8c7469fc20a7ef0978|6173.122583
0x000000000000000000000000ffed49c4a4e83207bb510c8c7469fc20a7ef0978|5860.200211
0x000000000000000000000000f669a68af28f5e67af5024c399590104b513743e|4223.502663
0x000000000000000000000000ffed49c4a4e83207bb510c8c7469fc20a7ef0978|0.318817
0x0000000000000000000000004e4d86457844fb43c2fe7af6d2616b2bca1811a8|0.140181
0x000000000000000000000000ffed49c4a4e83207bb510c8c7469fc20a7ef0978|1153.845971
0x000000000000000000000000daaa81e0b4d596212e2aee2f0d08136204597646|0.000014
0x000000000000000000000000b10ff324878b22227e2deeb84e6d111761c4a9c0|0.000055
0x000000000000000000000000ffed49c4a4e83207bb510c8c7469fc20a7ef0978|889
0x000000000000000000000000ffed49c4a4e83207bb510c8c7469fc20a7ef0978|448.3656
0x000000000000000000000000a0457f0fb9fc40bf446f4f748a8d45f3ea45c832|92.455808
0x000000000000000000000000ffed49c4a4e83207bb510c8c7469fc20a7ef0978|254.2213
0x000000000000000000000000ffed49c4a4e83207bb510c8c7469fc20a7ef0978|263.164513
0x000000000000000000000000ffed49c4a4e83207bb510c8c7469fc20a7ef0978|257.068079
0x0000000000000000000000000843d150231efc09104fce905feae5ee83ffecd2|0.000935
0x000000000000000000000000ffed49c4a4e83207bb510c8c7469fc20a7ef0978|257.75213
0x000000000000000000000000ffed49c4a4e83207bb510c8c7469fc20a7ef0978|93.972945
0x0000000000000000000000005bf652d87999c0f68039d0de4cb6421d35d1cb11|3350.687491
0x0000000000000000000000005d989758fae2d7b1724425a37d02477ba30c12cc|20.496882
0x000000000000000000000000dc32815dc28621ca6077e8d947ea2b4820b3e6e3|47.865656
0x000000000000000000000000ffed49c4a4e83207bb510c8c7469fc20a7ef0978|195.327455
0x0000000000000000000000005d989758fae2d7b1724425a37d02477ba30c12cc|44.053044
0x00000000000000000000000080ce69ec7e16c809df2dbe4ffd500b6c38355ee1|102.628818
0x0000000000000000000000005d989758fae2d7b1724425a37d02477ba30c12cc|34.900716
0x00000000000000000000000080ce69ec7e16c809df2dbe4ffd500b6c38355ee1|79.540554
0x0000000000000000000000005d989758fae2d7b1724425a37d02477ba30c12cc|124.990967
0x000000000000000000000000416b8c0b67e781ff466ad89141e92dc638205afe|290.22181
0x0000000000000000000000005d989758fae2d7b1724425a37d02477ba30c12cc|242.60036
0x00000000000000000000000080ce69ec7e16c809df2dbe4ffd500b6c38355ee1|563.910543
0x0000000000000000000000005d989758fae2d7b1724425a37d02477ba30c12cc|0.037021
0x000000000000000000000000994d3e2542487ff38898c407ec9f9d0c55ba5abe|0.079178
0x0000000000000000000000005d989758fae2d7b1724425a37d02477ba30c12cc|3.539295
0x000000000000000000000000d057024082cb926ca54f410e824a5e02949d5fce|7.900133
0x000000000000000000000000ffed49c4a4e83207bb510c8c7469fc20a7ef0978|1753.00597
0x000000000000000000000000ffed49c4a4e83207bb510c8c7469fc20a7ef0978|95.019115
0x0000000000000000000000005d989758fae2d7b1724425a37d02477ba30c12cc|0.099473
0x0000000000000000000000009f13c5bfe0416634f8e63b27b4eb0bf926b8569f|0.230626
0x0000000000000000000000005d989758fae2d7b1724425a37d02477ba30c12cc|0.10002
0x000000000000000000000000f8db480f3f633cf85a9aada8ee4def086e6f603d|0.231953
0x0000000000000000000000005d989758fae2d7b1724425a37d02477ba30c12cc|0.100019
0x000000000000000000000000a4009052f28f211ded99d965b12359269f5e5711|0.231939
0x0000000000000000000000005d989758fae2d7b1724425a37d02477ba30c12cc|0.099884
0x000000000000000000000000bbf24a22c32942a2e8f8b623b4d8ac7e8b3e0acc|0.231628
0x0000000000000000000000005d989758fae2d7b1724425a37d02477ba30c12cc|0.099895
0x000000000000000000000000501c3d34c51c8f745b8a4eee958dcc0480740a2e|0.231639
0x0000000000000000000000005d989758fae2d7b1724425a37d02477ba30c12cc|0.099727
0x0000000000000000000000001185e82d45f029a1f8e322cca0c20e295a2ef042|0.231232
0x0000000000000000000000005d989758fae2d7b1724425a37d02477ba30c12cc|0.099845
0x0000000000000000000000003526b4688bb9b788be7ef128e8e94343e82700a3|0.231494
0x0000000000000000000000005d989758fae2d7b1724425a37d02477ba30c12cc|0.099832
0x00000000000000000000000099f3f06df3f7637dfa74437951bff381cf2e3fa4|0.231449
0x0000000000000000000000005d989758fae2d7b1724425a37d02477ba30c12cc|0.194073
0x000000000000000000000000af63ce9ac0b81682470829cf855e68ff70ad56c0|0.449797
0x0000000000000000000000005d989758fae2d7b1724425a37d02477ba30c12cc|0.09983
0x000000000000000000000000a7d27d22ee3f950bd16b30cda705d11147b935a3|0.231395
0x0000000000000000000000005d989758fae2d7b1724425a37d02477ba30c12cc|0.479895
0x00000000000000000000000039f7735f9092b8591c518e1ed0224610efc2041e|1.111161
0x0000000000000000000000005d989758fae2d7b1724425a37d02477ba30c12cc|0.479655
0x000000000000000000000000eb346f681fc1ada9c1e04f70f7626ede283b3d7a|1.110226
0x0000000000000000000000005d989758fae2d7b1724425a37d02477ba30c12cc|0.000417
0x000000000000000000000000eb346f681fc1ada9c1e04f70f7626ede283b3d7a|0.000976
0x0000000000000000000000005d989758fae2d7b1724425a37d02477ba30c12cc|0.479614
0x0000000000000000000000003aa42b783e01deca14b423ee4003b6e27b5ccac4|1.109663
0x0000000000000000000000005d989758fae2d7b1724425a37d02477ba30c12cc|0.479205
0x00000000000000000000000080afce81e680f7a6383f3e93dc3ef8a4ac103534|1.108337
0x0000000000000000000000005d989758fae2d7b1724425a37d02477ba30c12cc|0.484521
0x000000000000000000000000c77ca8ff906618455b11d79a948edfac9ed74af2|1.120338
0x0000000000000000000000005d989758fae2d7b1724425a37d02477ba30c12cc|0.481854
0x000000000000000000000000c7bbd7dccf1c8a227b0fec9e6866f40891f3967b|1.116379
0x0000000000000000000000005d989758fae2d7b1724425a37d02477ba30c12cc|0.481917
0x000000000000000000000000767130ff5b8512f5765f6f8faf764a42ccea1393|1.116166
0x0000000000000000000000005d989758fae2d7b1724425a37d02477ba30c12cc|0.482145
0x0000000000000000000000006466842749bc2dbbfde9a36066f8ed3f029765f3|1.116317
0x0000000000000000000000005d989758fae2d7b1724425a37d02477ba30c12cc|0.48211
0x00000000000000000000000001b0faa8d45e60aa6c1bfbb1aa805f895f157206|1.115853
0x0000000000000000000000005d989758fae2d7b1724425a37d02477ba30c12cc|0.482172
0x0000000000000000000000003532e073c682f14c8dc653dabf7ff24ee74bc3fa|1.115616
0x0000000000000000000000005d989758fae2d7b1724425a37d02477ba30c12cc|0.48215
0x000000000000000000000000812f83733af6cc337ab39e9eb282f7c44f3bb947|1.11518
0x0000000000000000000000005d989758fae2d7b1724425a37d02477ba30c12cc|0.482237
0x000000000000000000000000a68244c7385fc71be20040afeb28d521a1593bce|1.115033
0x0000000000000000000000005d989758fae2d7b1724425a37d02477ba30c12cc|0.483621
0x00000000000000000000000002a095b7fc4771f080a296dd16faf0ef3b134737|1.117635
0x0000000000000000000000005d989758fae2d7b1724425a37d02477ba30c12cc|0.483586
0x0000000000000000000000007e58f873cd0211249e33fc9de5e297a0a036ddb9|1.117171
0x0000000000000000000000005d989758fae2d7b1724425a37d02477ba30c12cc|0.483564
0x0000000000000000000000009c49cb8b39d392e09cc80579873b226b0ecb6486|1.116733
0x0000000000000000000000005d989758fae2d7b1724425a37d02477ba30c12cc|0.483529
0x0000000000000000000000006f415fb33c5eda2410a32fa23bfab5cabfae74e0|1.116269
0x0000000000000000000000005d989758fae2d7b1724425a37d02477ba30c12cc|0.478074
0x000000000000000000000000a31c603db809176619750ff6fd10fdf921642409|1.101588
0x0000000000000000000000005d989758fae2d7b1724425a37d02477ba30c12cc|0.477873
0x00000000000000000000000002177544dcba06ad058b200e8f3162112115c3df|1.100743
0x0000000000000000000000005d989758fae2d7b1724425a37d02477ba30c12cc|0.0998
0x000000000000000000000000dcc90584d8f169bb87daf9c26dd377c5f61d75d2|0.230625
0x0000000000000000000000005d989758fae2d7b1724425a37d02477ba30c12cc|0.099811
0x00000000000000000000000035d10b6851b1e69095b4a829fa21be9d1381b1fa|0.230634
0x0000000000000000000000005d989758fae2d7b1724425a37d02477ba30c12cc|0.09981
0x000000000000000000000000ca8d6d5ba6b3dfe022a6c34102b912daf385acc8|0.230612
0x0000000000000000000000005d989758fae2d7b1724425a37d02477ba30c12cc|0.100098
0x000000000000000000000000961687d9606365f6727dd998fa00b0e167eeb74e|0.231265
0x0000000000000000000000005d989758fae2d7b1724425a37d02477ba30c12cc|0.100387
0x000000000000000000000000a2c131d02b4d7b92e21f132a8fa0e69bcbbb560f|0.231916
0x0000000000000000000000005d989758fae2d7b1724425a37d02477ba30c12cc|0.479613
0x0000000000000000000000003b5196459159ccb7cf157fc6134626ab69727d97|1.107412
0x0000000000000000000000005d989758fae2d7b1724425a37d02477ba30c12cc|0.47959
0x00000000000000000000000079dfbb310663d392d7bc4c805bbce49424e5c211|1.10698
0x0000000000000000000000005d989758fae2d7b1724425a37d02477ba30c12cc|0.483439
0x000000000000000000000000f406733454053ae6d4dbe6b7bb454fb8c1216bcc|1.114749
0x0000000000000000000000005d989758fae2d7b1724425a37d02477ba30c12cc|0.482593
0x000000000000000000000000bb36004bddc32ba26ebc61df354da6391a259dbf|1.1124
0x0000000000000000000000005d989758fae2d7b1724425a37d02477ba30c12cc|0.482141
0x0000000000000000000000002bebf922008f8f86762ad52aef1c6d325fa1d08e|1.110968
0x0000000000000000000000005d989758fae2d7b1724425a37d02477ba30c12cc|0.481103
0x00000000000000000000000098f38cd305a1afab801dc5d2b5fde8e062d4e405|1.108178
0x0000000000000000000000005d989758fae2d7b1724425a37d02477ba30c12cc|0.480495
0x00000000000000000000000022097bb8be6ab829c3adcbec249045f0900d9446|1.106389
0x0000000000000000000000005d989758fae2d7b1724425a37d02477ba30c12cc|0.479291
0x00000000000000000000000071ed75579ded32f1fa5e05a86e18c3e975e5ad40|1.103215
0x0000000000000000000000005d989758fae2d7b1724425a37d02477ba30c12cc|0.479159
0x000000000000000000000000c2842ba95ab2dcc02dd759bd7508afb5d57c5d79|1.102483
0x0000000000000000000000005d989758fae2d7b1724425a37d02477ba30c12cc|0.478289
0x00000000000000000000000008ec2cf1f913efa21e62c8ff97cd3da791823b55|1.100087
0x0000000000000000000000005d989758fae2d7b1724425a37d02477ba30c12cc|0.481772
0x00000000000000000000000024f1a5c200d778fc984b7c48481367390ccde76e|1.066713
0x0000000000000000000000005d989758fae2d7b1724425a37d02477ba30c12cc|0.479562
0x000000000000000000000000d5b08d58ee918e09f233ba5f2033801430bb3995|1.065409
0x0000000000000000000000005d989758fae2d7b1724425a37d02477ba30c12cc|0.479263
0x000000000000000000000000e5947c4d0b4968281f35b076759e7cfa8d1f6db1|1.064363
0x0000000000000000000000005d989758fae2d7b1724425a37d02477ba30c12cc|0.480165
0x000000000000000000000000d4b0a05c30440c150b5fd3e4d44437b9f5b3ffde|1.065982
0x0000000000000000000000005d989758fae2d7b1724425a37d02477ba30c12cc|0.480131
0x0000000000000000000000009bb9d0eb5b7f7c3d411f42485e79c7f776e8fce7|1.065522
0x0000000000000000000000005d989758fae2d7b1724425a37d02477ba30c12cc|0.479039
0x0000000000000000000000000ec4c106b1deca3b752ce23b45c9456af28c0b11|1.062722
0x0000000000000000000000005d989758fae2d7b1724425a37d02477ba30c12cc|0.479101
0x000000000000000000000000437af92b5329fbd889f77d0fb83debc6aee0c1a1|1.062479
0x0000000000000000000000005d989758fae2d7b1724425a37d02477ba30c12cc|0.377091
0x00000000000000000000000099f3f06df3f7637dfa74437951bff381cf2e3fa4|0.875884
0x0000000000000000000000005d989758fae2d7b1724425a37d02477ba30c12cc|0.28292
0x000000000000000000000000af63ce9ac0b81682470829cf855e68ff70ad56c0|0.657039
0x0000000000000000000000005d989758fae2d7b1724425a37d02477ba30c12cc|0.377033
0x000000000000000000000000a7d27d22ee3f950bd16b30cda705d11147b935a3|0.87539
0x0000000000000000000000005d989758fae2d7b1724425a37d02477ba30c12cc|0.376753
0x000000000000000000000000dcc90584d8f169bb87daf9c26dd377c5f61d75d2|0.874503
0x0000000000000000000000005d989758fae2d7b1724425a37d02477ba30c12cc|0.376738
0x00000000000000000000000035d10b6851b1e69095b4a829fa21be9d1381b1fa|0.874233
0x0000000000000000000000005d989758fae2d7b1724425a37d02477ba30c12cc|0.376675
0x000000000000000000000000ca8d6d5ba6b3dfe022a6c34102b912daf385acc8|0.873851
0x0000000000000000000000005d989758fae2d7b1724425a37d02477ba30c12cc|0.377107
0x0000000000000000000000009f13c5bfe0416634f8e63b27b4eb0bf926b8569f|0.87293
0x0000000000000000000000005d989758fae2d7b1724425a37d02477ba30c12cc|0.377032
0x000000000000000000000000f8db480f3f633cf85a9aada8ee4def086e6f603d|0.872522
0x0000000000000000000000005d989758fae2d7b1724425a37d02477ba30c12cc|0.377017
0x000000000000000000000000a4009052f28f211ded99d965b12359269f5e5711|0.87225
0x0000000000000000000000005d989758fae2d7b1724425a37d02477ba30c12cc|0.377267
0x000000000000000000000000bbf24a22c32942a2e8f8b623b4d8ac7e8b3e0acc|0.875795
0x0000000000000000000000005d989758fae2d7b1724425a37d02477ba30c12cc|0.377229
0x000000000000000000000000501c3d34c51c8f745b8a4eee958dcc0480740a2e|0.875469
0x0000000000000000000000005d989758fae2d7b1724425a37d02477ba30c12cc|0.377166
0x0000000000000000000000001185e82d45f029a1f8e322cca0c20e295a2ef042|0.875085
0x0000000000000000000000005d989758fae2d7b1724425a37d02477ba30c12cc|0.377019
0x0000000000000000000000003526b4688bb9b788be7ef128e8e94343e82700a3|0.874506
0x0000000000000000000000005d989758fae2d7b1724425a37d02477ba30c12cc|0.376601
0x000000000000000000000000961687d9606365f6727dd998fa00b0e167eeb74e|0.872647
0x0000000000000000000000005d989758fae2d7b1724425a37d02477ba30c12cc|0.37451
0x000000000000000000000000a2c131d02b4d7b92e21f132a8fa0e69bcbbb560f|0.832909
0x0000000000000000000000008c68f4bfc62fc6ebf9be7a804f28383bb0dc23c6|0.001763
0x0000000000000000000000000843d150231efc09104fce905feae5ee83ffecd2|0.001429
0x000000000000000000000000a0457f0fb9fc40bf446f4f748a8d45f3ea45c832|26.26035
0x000000000000000000000000ffed49c4a4e83207bb510c8c7469fc20a7ef0978|2591.593256
0x000000000000000000000000a0457f0fb9fc40bf446f4f748a8d45f3ea45c832|13898.304253
0x000000000000000000000000e1f5f8cea12bdf6dcc029e42da58d78217eba72d|10758.293409
0x0000000000000000000000005d989758fae2d7b1724425a37d02477ba30c12cc|546.197573
0x00000000000000000000000016c33d09695953f907a9163169840b6c85edcb2f|1275.186935
0x000000000000000000000000ffed49c4a4e83207bb510c8c7469fc20a7ef0978|98.152523
0x0000000000000000000000005d989758fae2d7b1724425a37d02477ba30c12cc|42.523194
0x000000000000000000000000a1bdf707829ac9925fcdf89854db9a4b49e3b0e3|82.736839
0x000000000000000000000000ffed49c4a4e83207bb510c8c7469fc20a7ef0978|4006.437646
0x000000000000000000000000ffed49c4a4e83207bb510c8c7469fc20a7ef0978|4047.328563
0x000000000000000000000000ffed49c4a4e83207bb510c8c7469fc20a7ef0978|4083.522866
0x000000000000000000000000ffed49c4a4e83207bb510c8c7469fc20a7ef0978|4124.55217
0x000000000000000000000000ffed49c4a4e83207bb510c8c7469fc20a7ef0978|4162.754696
0x000000000000000000000000ffed49c4a4e83207bb510c8c7469fc20a7ef0978|3336.488212
0x000000000000000000000000bdadbc500a5d129176696ef3c53f1fd9a73d9585|0.000243
0x000000000000000000000000689a9c1f84bb856ee5adca501f4115216db33dda|1110.047027
0x000000000000000000000000ffed49c4a4e83207bb510c8c7469fc20a7ef0978|4231.371931
0x000000000000000000000000ffed49c4a4e83207bb510c8c7469fc20a7ef0978|1680.441307
0x000000000000000000000000ffed49c4a4e83207bb510c8c7469fc20a7ef0978|843.373762
0x0000000000000000000000000843d150231efc09104fce905feae5ee83ffecd2|0.000724
0x000000000000000000000000ffed49c4a4e83207bb510c8c7469fc20a7ef0978|3364.984485
0x000000000000000000000000e1f5f8cea12bdf6dcc029e42da58d78217eba72d|50.050752
0x000000000000000000000000e1f5f8cea12bdf6dcc029e42da58d78217eba72d|450.463141
0x000000000000000000000000820dc45d24e9079f125c965dbca70c46588d5c28|1008.578425
0x000000000000000000000000820dc45d24e9079f125c965dbca70c46588d5c28|1174.743187
0x0000000000000000000000000843d150231efc09104fce905feae5ee83ffecd2|0.003402
0x000000000000000000000000ffed49c4a4e83207bb510c8c7469fc20a7ef0978|19177.934944
0x000000000000000000000000e1f5f8cea12bdf6dcc029e42da58d78217eba72d|4.736
0x000000000000000000000000e1f5f8cea12bdf6dcc029e42da58d78217eba72d|10.001547
0x000000000000000000000000a0457f0fb9fc40bf446f4f748a8d45f3ea45c832|2
0x000000000000000000000000a0457f0fb9fc40bf446f4f748a8d45f3ea45c832|2
0x000000000000000000000000ffed49c4a4e83207bb510c8c7469fc20a7ef0978|2
0x000000000000000000000000e1f5f8cea12bdf6dcc029e42da58d78217eba72d|221.287999
0x000000000000000000000000ffed49c4a4e83207bb510c8c7469fc20a7ef0978|2
0x0000000000000000000000000f1a38ba6077150e4bd1b28a8fb8bdfc86b1f4ba|0.000002
0x000000000000000000000000e1f5f8cea12bdf6dcc029e42da58d78217eba72d|7500
0x0000000000000000000000004d3cf812c0363732842296a5453c111bccb399e8|9990.000004
0x000000000000000000000000ffed49c4a4e83207bb510c8c7469fc20a7ef0978|5407.366728
0x000000000000000000000000e1f5f8cea12bdf6dcc029e42da58d78217eba72d|53315.629499
0x000000000000000000000000e1f5f8cea12bdf6dcc029e42da58d78217eba72d|60637.1585
0x000000000000000000000000e1f5f8cea12bdf6dcc029e42da58d78217eba72d|141106.517667
0x000000000000000000000000ffed49c4a4e83207bb510c8c7469fc20a7ef0978|256.672309
0x000000000000000000000000e1f5f8cea12bdf6dcc029e42da58d78217eba72d|40009.132763
0x000000000000000000000000e1f5f8cea12bdf6dcc029e42da58d78217eba72d|320073.062104
0x00000000000000000000000029e913b40791212048df2725efd80f8465f967f0|0.043305
0x000000000000000000000000ffed49c4a4e83207bb510c8c7469fc20a7ef0978|222.719185
0x000000000000000000000000ffed49c4a4e83207bb510c8c7469fc20a7ef0978|2416.583027
0x000000000000000000000000a0457f0fb9fc40bf446f4f748a8d45f3ea45c832|4000
0x000000000000000000000000ffed49c4a4e83207bb510c8c7469fc20a7ef0978|200
0x000000000000000000000000a0457f0fb9fc40bf446f4f748a8d45f3ea45c832|103.543058
0x000000000000000000000000ffed49c4a4e83207bb510c8c7469fc20a7ef0978|337.874885
0x000000000000000000000000a0457f0fb9fc40bf446f4f748a8d45f3ea45c832|149.5098
0x000000000000000000000000ffed49c4a4e83207bb510c8c7469fc20a7ef0978|234.811833
0x000000000000000000000000a0457f0fb9fc40bf446f4f748a8d45f3ea45c832|746.092994
0x000000000000000000000000a0457f0fb9fc40bf446f4f748a8d45f3ea45c832|809.230902
0x000000000000000000000000ffed49c4a4e83207bb510c8c7469fc20a7ef0978|193.539534
0x000000000000000000000000a0457f0fb9fc40bf446f4f748a8d45f3ea45c832|422.819604
0x000000000000000000000000ffed49c4a4e83207bb510c8c7469fc20a7ef0978|352.492342
0x000000000000000000000000ffed49c4a4e83207bb510c8c7469fc20a7ef0978|2291.427493
0x000000000000000000000000ffed49c4a4e83207bb510c8c7469fc20a7ef0978|5658
0x000000000000000000000000ffed49c4a4e83207bb510c8c7469fc20a7ef0978|19.857271
0x000000000000000000000000df8274be6479678a95cc2d10f61decb3fcc03885|0.047666
0x000000000000000000000000ffed49c4a4e83207bb510c8c7469fc20a7ef0978|23.973948
0x000000000000000000000000a0457f0fb9fc40bf446f4f748a8d45f3ea45c832|1800
0x000000000000000000000000ffed49c4a4e83207bb510c8c7469fc20a7ef0978|7249.017365
0x000000000000000000000000e1f5f8cea12bdf6dcc029e42da58d78217eba72d|24041.6825
0x000000000000000000000000a0457f0fb9fc40bf446f4f748a8d45f3ea45c832|3131.933769
0x00000000000000000000000028e1b91e9c5c04b6f48fd3339274073b4eed930a|547.285218
0x000000000000000000000000ffed49c4a4e83207bb510c8c7469fc20a7ef0978|8162.430813
0x000000000000000000000000ffed49c4a4e83207bb510c8c7469fc20a7ef0978|17328.100469
0x000000000000000000000000e1f5f8cea12bdf6dcc029e42da58d78217eba72d|74.906468
0x000000000000000000000000ffed49c4a4e83207bb510c8c7469fc20a7ef0978|16751.681752
0x000000000000000000000000ffed49c4a4e83207bb510c8c7469fc20a7ef0978|951.671049
0x000000000000000000000000ffed49c4a4e83207bb510c8c7469fc20a7ef0978|4842.121222
0x000000000000000000000000ffed49c4a4e83207bb510c8c7469fc20a7ef0978|1188.626491
0x000000000000000000000000ffed49c4a4e83207bb510c8c7469fc20a7ef0978|16912.716965
0x000000000000000000000000f669a68af28f5e67af5024c399590104b513743e|318.921976
0x0000000000000000000000000843d150231efc09104fce905feae5ee83ffecd2|0.001776
0x0000000000000000000000000843d150231efc09104fce905feae5ee83ffecd2|1359.285985
0x000000000000000000000000f669a68af28f5e67af5024c399590104b513743e|42.222311
0x000000000000000000000000f669a68af28f5e67af5024c399590104b513743e|6344.345619
0x0000000000000000000000001e0b45ce8f048a5a7a9eeaa71ba513f83b86a81c|2000.197805
0x0000000000000000000000008cec397ea468f43e670415c2b36ee57f75347e0c|175.942731
0x0000000000000000000000008ddbd59610d5c69b3c02beb9014a710e6f2894f1|915.863369
0x0000000000000000000000001e0b45ce8f048a5a7a9eeaa71ba513f83b86a81c|5000.741613
0x0000000000000000000000009daa4f44a0c1384f48512511b618db18a409c085|1703.457667
0x000000000000000000000000401536b1b443792bf66572ff4453ca8af05a3464|1931.504056
0x00000000000000000000000050438a9d9a3f39873d3649f31590d2dc08909191|2038.021719
0x0000000000000000000000008d3dc57e467dbcfe43f387dc9ffd9f4bcc742e37|2098.513723
0x000000000000000000000000e15253c092475a8e7e60acb21390f7127fd7bdca|1886.435868
0x0000000000000000000000001e0b45ce8f048a5a7a9eeaa71ba513f83b86a81c|7027.003684
0x0000000000000000000000001e0b45ce8f048a5a7a9eeaa71ba513f83b86a81c|2001.105463
0x000000000000000000000000e1f5f8cea12bdf6dcc029e42da58d78217eba72d|2000
0x0000000000000000000000001e0b45ce8f048a5a7a9eeaa71ba513f83b86a81c|7010.253505
0x000000000000000000000000a0457f0fb9fc40bf446f4f748a8d45f3ea45c832|1576.022861
0x00000000000000000000000059bd6dcf7b461d970bcf00a45aba57c1d5a496fe|0.390295
0x0000000000000000000000001e0b45ce8f048a5a7a9eeaa71ba513f83b86a81c|2001.167666
0x0000000000000000000000001e0b45ce8f048a5a7a9eeaa71ba513f83b86a81c|4001.307085
0x000000000000000000000000a0457f0fb9fc40bf446f4f748a8d45f3ea45c832|711.086909
0x000000000000000000000000f669a68af28f5e67af5024c399590104b513743e|7555.138213
0x000000000000000000000000f669a68af28f5e67af5024c399590104b513743e|2555.19473
0x000000000000000000000000a0457f0fb9fc40bf446f4f748a8d45f3ea45c832|352.785831
0x000000000000000000000000a0457f0fb9fc40bf446f4f748a8d45f3ea45c832|44.906463
0x000000000000000000000000a0457f0fb9fc40bf446f4f748a8d45f3ea45c832|1547.7478
0x000000000000000000000000e15253c092475a8e7e60acb21390f7127fd7bdca|178.776686
0x0000000000000000000000008d3dc57e467dbcfe43f387dc9ffd9f4bcc742e37|88.456324
0x000000000000000000000000a0457f0fb9fc40bf446f4f748a8d45f3ea45c832|706.049541
0x0000000000000000000000008cec397ea468f43e670415c2b36ee57f75347e0c|5004.854753
0x000000000000000000000000f669a68af28f5e67af5024c399590104b513743e|5040.909756
0x0000000000000000000000008cec397ea468f43e670415c2b36ee57f75347e0c|5018.477922
0x000000000000000000000000f669a68af28f5e67af5024c399590104b513743e|1183.047901
0x000000000000000000000000f669a68af28f5e67af5024c399590104b513743e|1183.047941
0x000000000000000000000000e9759856fff87a8f2d8e8f599bd4714a7874dc6f|1.100601
0x000000000000000000000000e9759856fff87a8f2d8e8f599bd4714a7874dc6f|0.999972
0x000000000000000000000000a0457f0fb9fc40bf446f4f748a8d45f3ea45c832|841.133574
0x000000000000000000000000a0457f0fb9fc40bf446f4f748a8d45f3ea45c832|395.945588
0x0000000000000000000000001e0b45ce8f048a5a7a9eeaa71ba513f83b86a81c|1.056823
0x0000000000000000000000001e0b45ce8f048a5a7a9eeaa71ba513f83b86a81c|338.940088
0x000000000000000000000000dcc93620ab37182fd18bd1605e169149e8b57c87|1544.934498
0x000000000000000000000000dcc93620ab37182fd18bd1605e169149e8b57c87|8556.21845
0x0000000000000000000000001e0b45ce8f048a5a7a9eeaa71ba513f83b86a81c|42.484697
0x0000000000000000000000001e0b45ce8f048a5a7a9eeaa71ba513f83b86a81c|31.864912
0x0000000000000000000000000843d150231efc09104fce905feae5ee83ffecd2|0.011752
0x0000000000000000000000008ddbd59610d5c69b3c02beb9014a710e6f2894f1|1446.355193
0x000000000000000000000000f669a68af28f5e67af5024c399590104b513743e|11384.928861
0x000000000000000000000000e1f5f8cea12bdf6dcc029e42da58d78217eba72d|10.059476
0x000000000000000000000000acd1548dca7f81d280b8b714ef9fbdf4991a8938|0.999939
0x000000000000000000000000e1f5f8cea12bdf6dcc029e42da58d78217eba72d|1142.259
0x000000000000000000000000e1f5f8cea12bdf6dcc029e42da58d78217eba72d|2078.656
0x00000000000000000000000059bd6dcf7b461d970bcf00a45aba57c1d5a496fe|0.10875
0x00000000000000000000000059bd6dcf7b461d970bcf00a45aba57c1d5a496fe|0.107286
0x000000000000000000000000e1f5f8cea12bdf6dcc029e42da58d78217eba72d|2433.8946
0x000000000000000000000000e1f5f8cea12bdf6dcc029e42da58d78217eba72d|8034.7545
0x000000000000000000000000a0457f0fb9fc40bf446f4f748a8d45f3ea45c832|631.803664
0x000000000000000000000000e1f5f8cea12bdf6dcc029e42da58d78217eba72d|2634.238
0x000000000000000000000000e1f5f8cea12bdf6dcc029e42da58d78217eba72d|2080.0785
0x000000000000000000000000e1f5f8cea12bdf6dcc029e42da58d78217eba72d|792.791975
0x000000000000000000000000e1f5f8cea12bdf6dcc029e42da58d78217eba72d|477.231999
0x000000000000000000000000e1f5f8cea12bdf6dcc029e42da58d78217eba72d|110.619499
0x00000000000000000000000059bd6dcf7b461d970bcf00a45aba57c1d5a496fe|0.133339
0x00000000000000000000000059bd6dcf7b461d970bcf00a45aba57c1d5a496fe|0.133339
0x00000000000000000000000059bd6dcf7b461d970bcf00a45aba57c1d5a496fe|0.07995
0x000000000000000000000000a0457f0fb9fc40bf446f4f748a8d45f3ea45c832|425.647092
0x000000000000000000000000e1f5f8cea12bdf6dcc029e42da58d78217eba72d|1001.790133
0x000000000000000000000000e1f5f8cea12bdf6dcc029e42da58d78217eba72d|500.895066
0x000000000000000000000000a0457f0fb9fc40bf446f4f748a8d45f3ea45c832|839.780083
0x000000000000000000000000a0457f0fb9fc40bf446f4f748a8d45f3ea45c832|45.042
0x000000000000000000000000a0457f0fb9fc40bf446f4f748a8d45f3ea45c832|392.3426
0x000000000000000000000000a0457f0fb9fc40bf446f4f748a8d45f3ea45c832|432.1982
0x000000000000000000000000a0457f0fb9fc40bf446f4f748a8d45f3ea45c832|1031.2938
0x000000000000000000000000a0457f0fb9fc40bf446f4f748a8d45f3ea45c832|500
0x0000000000000000000000000843d150231efc09104fce905feae5ee83ffecd2|0.001561
0x000000000000000000000000e1f5f8cea12bdf6dcc029e42da58d78217eba72d|1503.815227
0x00000000000000000000000004af22bacc0d273778bf22420de31ec0a109d087|0.001666
0x0000000000000000000000004c2a1d73b95226cf0533e5a2289d25a840321344|43050.917561
0x000000000000000000000000acd1548dca7f81d280b8b714ef9fbdf4991a8938|21.5269
0x000000000000000000000000e9759856fff87a8f2d8e8f599bd4714a7874dc6f|1.000253
0x0000000000000000000000001e0b45ce8f048a5a7a9eeaa71ba513f83b86a81c|0.999967
0x000000000000000000000000dcc93620ab37182fd18bd1605e169149e8b57c87|4310.561007
0x000000000000000000000000dcc93620ab37182fd18bd1605e169149e8b57c87|431.070905
0x000000000000000000000000a0457f0fb9fc40bf446f4f748a8d45f3ea45c832|202.398317
0x000000000000000000000000dcc93620ab37182fd18bd1605e169149e8b57c87|6842.404869
0x000000000000000000000000acd1548dca7f81d280b8b714ef9fbdf4991a8938|2.814034
0x000000000000000000000000acd1548dca7f81d280b8b714ef9fbdf4991a8938|2.814034
0x00000000000000000000000059bd6dcf7b461d970bcf00a45aba57c1d5a496fe|0.129109
0x00000000000000000000000059bd6dcf7b461d970bcf00a45aba57c1d5a496fe|0.116082
0x0000000000000000000000004c2a1d73b95226cf0533e5a2289d25a840321344|1107.031795
0x0000000000000000000000004c2a1d73b95226cf0533e5a2289d25a840321344|1107.031863
0x0000000000000000000000004c2a1d73b95226cf0533e5a2289d25a840321344|2214.065092
0x000000000000000000000000e1f5f8cea12bdf6dcc029e42da58d78217eba72d|5.864915
0x000000000000000000000000ffed49c4a4e83207bb510c8c7469fc20a7ef0978|0.297275
0x000000000000000000000000801a530ff7532c8e4665e7b8c4730320012bacbf|88.579898
0x000000000000000000000000801a530ff7532c8e4665e7b8c4730320012bacbf|1.108484
0x000000000000000000000000801a530ff7532c8e4665e7b8c4730320012bacbf|1.108484
0x000000000000000000000000801a530ff7532c8e4665e7b8c4730320012bacbf|1.108484
0x000000000000000000000000801a530ff7532c8e4665e7b8c4730320012bacbf|1.108485
0x000000000000000000000000801a530ff7532c8e4665e7b8c4730320012bacbf|1.108485
0x000000000000000000000000801a530ff7532c8e4665e7b8c4730320012bacbf|2.216971
0x000000000000000000000000801a530ff7532c8e4665e7b8c4730320012bacbf|3.325457
0x000000000000000000000000801a530ff7532c8e4665e7b8c4730320012bacbf|5.542431
0x000000000000000000000000801a530ff7532c8e4665e7b8c4730320012bacbf|8.867893
